{
  "lang":"nb",
  "name":"pipeline",
  "version":"0.0.0",
  "spacy_version":">=3.5.0,<3.6.0",
  "description":"",
  "author":"",
  "email":"",
  "url":"",
  "license":"",
  "spacy_git_version":"dec81508d",
  "vectors":{
    "width":300,
    "vectors":500000,
    "keys":500000,
    "name":"nb_vectors",
    "mode":"default"
  },
  "labels":{
    "tok2vec":[

    ],
    "ner":[
      "BET",
      "DRV",
      "EVT",
      "GPE_LOC",
      "GPE_ORG",
      "LOC",
      "MAT",
      "MISC",
      "ORG",
      "PER",
      "PROD",
      "STL",
      "WORK_OF_ART"
    ]
  },
  "pipeline":[
    "tok2vec",
    "ner"
  ],
  "components":[
    "tok2vec",
    "ner"
  ],
  "disabled":[

  ],
  "performance":{
    "ents_f":0.8033629145,
    "ents_p":0.8044901777,
    "ents_r":0.802238806,
    "ents_per_type":{
      "PER":{
        "p":0.8319783198,
        "r":0.9082840237,
        "f":0.8684582744
      },
      "MAT":{
        "p":0.83,
        "r":0.8829787234,
        "f":0.8556701031
      },
      "STL":{
        "p":0.6363636364,
        "r":0.6086956522,
        "f":0.6222222222
      },
      "BET":{
        "p":0.9150326797,
        "r":0.7329842932,
        "f":0.8139534884
      },
      "ORG":{
        "p":0.7903225806,
        "r":0.5697674419,
        "f":0.6621621622
      },
      "WORK_OF_ART":{
        "p":0.5321100917,
        "r":0.5272727273,
        "f":0.5296803653
      },
      "GPE_LOC":{
        "p":0.9419354839,
        "r":0.9798657718,
        "f":0.9605263158
      },
      "LOC":{
        "p":0.606741573,
        "r":0.8181818182,
        "f":0.6967741935
      },
      "EVT":{
        "p":1.0,
        "r":0.5714285714,
        "f":0.7272727273
      },
      "DRV":{
        "p":0.8333333333,
        "r":0.625,
        "f":0.7142857143
      }
    },
    "tok2vec_loss":0.0233276547,
    "ner_loss":0.005930166
  }
}