{
  "lang":"nb",
  "name":"pipeline",
  "version":"0.0.0",
  "spacy_version":">=3.5.0,<3.6.0",
  "description":"",
  "author":"",
  "email":"",
  "url":"",
  "license":"",
  "spacy_git_version":"dec81508d",
  "vectors":{
    "width":300,
    "vectors":500000,
    "keys":500000,
    "name":"nb_vectors",
    "mode":"default"
  },
  "labels":{
    "tok2vec":[

    ],
    "ner":[
      "BET",
      "DRV",
      "EVT",
      "GPE_LOC",
      "GPE_ORG",
      "LOC",
      "MAT",
      "MISC",
      "ORG",
      "PER",
      "PROD",
      "STL",
      "WORK_OF_ART"
    ]
  },
  "pipeline":[
    "tok2vec",
    "ner"
  ],
  "components":[
    "tok2vec",
    "ner"
  ],
  "disabled":[

  ],
  "performance":{
    "ents_f":0.796125908,
    "ents_p":0.8277945619,
    "ents_r":0.7667910448,
    "ents_per_type":{
      "PER":{
        "p":0.8711484594,
        "r":0.9201183432,
        "f":0.8949640288
      },
      "MAT":{
        "p":0.9125,
        "r":0.7765957447,
        "f":0.8390804598
      },
      "STL":{
        "p":0.875,
        "r":0.3043478261,
        "f":0.4516129032
      },
      "BET":{
        "p":0.8431372549,
        "r":0.6753926702,
        "f":0.75
      },
      "ORG":{
        "p":0.6875,
        "r":0.6395348837,
        "f":0.6626506024
      },
      "WORK_OF_ART":{
        "p":0.5903614458,
        "r":0.4454545455,
        "f":0.5077720207
      },
      "GPE_LOC":{
        "p":0.9342105263,
        "r":0.9530201342,
        "f":0.9435215947
      },
      "LOC":{
        "p":0.7121212121,
        "r":0.7121212121,
        "f":0.7121212121
      },
      "EVT":{
        "p":0.5555555556,
        "r":0.7142857143,
        "f":0.625
      },
      "DRV":{
        "p":0.8,
        "r":0.5,
        "f":0.6153846154
      }
    },
    "tok2vec_loss":1375.1794529155,
    "ner_loss":213.4142064045
  }
}